1000, 6.800000000000001
1000, 6.6000000000000005
1000, 7.1
1000, 7.1
1000, 7.3999999999999995
1000, 7.1
1000, 7.199999999999999
1000, 7.199999999999999
1000, 7.3999999999999995
1000, 7.3999999999999995
1000, 7.3999999999999995
1000, 7.5
1000, 8.1
1000, 7.6
1000, 8.1
1000, 8.200000000000001
1000, 8.200000000000001
1000, 8.7
1000, 8.3
1000, 8.9
1000, 9.3
1000, 9.4
1000, 9.0
1000, 9.5
1000, 9.9
1000, 9.700000000000001
1000, 10.6
1000, 10.8
1000, 10.4
1000, 11.4
1000, 11.899999999999999
1000, 11.5
1000, 12.4
1000, 12.2
1000, 13.0
1000, 12.9
1000, 13.4
1000, 12.7
1000, 13.5
1000, 13.3
1000, 14.6
1000, 13.900000000000002
1000, 14.099999999999998
1000, 14.399999999999999
1000, 13.700000000000001
1000, 15.299999999999999
1000, 14.7
1000, 15.9
1000, 15.1
1000, 15.299999999999999
1000, 16.8
1000, 16.2
1000, 16.6
1000, 17.8
1000, 17.4
1000, 18.099999999999998
1000, 18.099999999999998
1000, 18.4
1000, 18.9
1000, 19.3
1000, 19.8
1000, 21.099999999999998
1000, 19.900000000000002
1000, 20.0
1000, 20.200000000000003
1000, 20.7
1000, 21.099999999999998
1000, 21.2
1000, 21.6
1000, 21.8
1000, 21.5
1000, 21.3
1000, 21.3
1000, 22.3
1000, 23.5
1000, 23.9
1000, 24.3
1000, 25.0
1000, 26.200000000000003
1000, 27.800000000000004
1000, 28.599999999999998
1000, 30.0
1000, 30.7
1000, 31.6
1000, 32.7
1000, 35.4
1000, 36.6
1000, 38.1
1000, 39.300000000000004
1000, 40.699999999999996
1000, 42.1
1000, 43.6
1000, 44.800000000000004
1000, 47.3
1000, 45.6
1000, 46.7
1000, 47.199999999999996
1000, 47.9
1000, 48.1
1000, 48.4
1000, 48.6
1000, 48.8
1000, 48.9
1000, 48.9
1000, 48.9
1000, 48.9
1000, 48.9
1000, 48.9
1000, 48.9
1000, 51.4
1000, 48.9
1000, 48.9
1000, 48.9
1000, 48.9
1000, 48.9
1000, 48.9
1000, 51.300000000000004
1000, 48.8
1000, 48.8
1000, 48.8
1000, 48.8
1000, 48.8
1000, 49.1
1000, 49.3
1000, 49.6
1000, 49.6
1000, 49.6
1000, 50.0
1000, 50.3
1000, 53.0
1000, 50.6
1000, 50.9
1000, 51.2
1000, 51.5
1000, 51.9
1000, 54.1
1000, 51.7
1000, 51.5
1000, 51.5
1000, 51.4
1000, 51.4
1000, 51.0
1000, 50.6
1000, 50.5
1000, 52.900000000000006
1000, 50.5
1000, 50.5
1000, 50.4
1000, 50.4
1000, 50.4
1000, 50.4
1000, 50.3
1000, 50.2
1000, 50.2
1000, 50.1
1000, 50.1
1000, 50.1
1000, 50.1
1000, 50.0
1000, 50.0
1000, 50.0
1000, 50.0
1000, 50.0
1000, 50.0
1000, 50.0
1000, 50.0
1000, 48.699999999999996
1000, 46.300000000000004
1000, 46.300000000000004
1000, 46.300000000000004
1000, 46.300000000000004
1000, 46.300000000000004
1000, 48.6
1000, 46.2
1000, 46.2
1000, 46.2
1000, 46.2
1000, 46.2
1000, 48.6
1000, 46.2
1000, 46.2
1000, 46.2
1000, 46.2
1000, 46.2
1000, 48.6
1000, 46.2
1000, 46.2
1000, 46.2
1000, 46.2
1000, 46.2
1000, 46.2
1000, 46.2
1000, 46.2
1000, 46.2
1000, 46.2
1000, 46.2
1000, 46.2
1000, 46.2
1000, 46.2
1000, 46.2
1000, 46.2
1000, 46.2
1000, 46.2
1000, 46.2
1000, 46.2
1000, 46.2
1000, 46.2
1000, 46.800000000000004
1000, 48.199999999999996
1000, 49.3
1000, 50.2
1000, 52.800000000000004
1000, 50.7
1000, 51.0
1000, 51.2
1000, 51.5
1000, 51.9
1000, 52.2
1000, 52.300000000000004
1000, 55.00000000000001
1000, 52.300000000000004
1000, 52.300000000000004
1000, 52.1
1000, 51.6
1000, 51.5
1000, 51.5
1000, 51.300000000000004
1000, 54.1
1000, 51.2
1000, 51.0
1000, 50.8
1000, 50.2
1000, 50.2
1000, 50.1
1000, 50.1
1000, 50.3
1000, 50.6
1000, 50.8
1000, 50.8
1000, 50.8
1000, 50.8
1000, 50.9
1000, 51.1
1000, 54.0
1000, 51.2
1000, 51.4
1000, 51.5
1000, 51.5
1000, 51.6
1000, 51.7
1000, 54.7
1000, 51.800000000000004
1000, 52.0
1000, 52.2
1000, 54.900000000000006
1000, 52.2
1000, 52.2
1000, 46.6
1000, 46.6
1000, 46.6
1000, 45.5
1000, 41.699999999999996
1000, 41.699999999999996
1000, 41.699999999999996
1000, 44.800000000000004
1000, 41.0
1000, 41.0
1000, 41.0
1000, 44.800000000000004
1000, 41.0
1000, 41.0
1000, 41.0
1000, 41.0
1000, 44.800000000000004
1000, 41.0
1000, 41.0
1000, 41.0
1000, 41.0
1000, 41.0
1000, 41.0
1000, 41.0
1000, 41.0
1000, 44.800000000000004
1000, 41.0
1000, 41.0
1000, 41.0
1000, 41.0
1000, 41.0
1000, 41.0
1000, 41.0
1000, 41.0
1000, 41.0
1000, 41.0
1000, 41.0
1000, 41.0
1000, 41.0
1000, 41.0
1000, 41.0
1000, 41.0
1000, 41.0
1000, 41.0
1000, 44.800000000000004
1000, 41.0
1000, 41.0
1000, 41.0
1000, 41.0
1000, 41.0
1000, 41.0
1000, 44.800000000000004
1000, 41.0
1000, 41.0
1000, 41.0
1000, 41.0
1000, 41.0
1000, 41.0
1000, 41.0
1000, 44.800000000000004
1000, 41.0
1000, 41.0
1000, 41.0
1000, 41.0
1000, 41.0
1000, 41.0
1000, 41.0
1000, 41.0
1000, 41.0
1000, 41.0
1000, 41.0
1000, 41.0
1000, 41.0
1000, 41.0
1000, 41.0
1000, 41.0
1000, 41.0
1000, 44.800000000000004
1000, 41.0
1000, 41.0
1000, 41.0
1000, 44.800000000000004
1000, 41.0
1000, 41.0
1000, 44.800000000000004
1000, 41.0
1000, 41.0
1000, 44.800000000000004
1000, 41.0
1000, 41.0
1000, 41.0
1000, 44.800000000000004
1000, 41.0
1000, 44.800000000000004
1000, 41.0
1000, 41.0
1000, 44.800000000000004
1000, 41.0
1000, 44.800000000000004
1000, 41.0
1000, 44.6
1000, 40.8
1000, 44.6
1000, 40.8
1000, 44.6
1000, 44.6
1000, 40.8
1000, 44.6
1000, 40.8
1000, 44.5
1000, 40.699999999999996
1000, 44.5
1000, 44.5
1000, 40.699999999999996
1000, 44.5
1000, 44.5
1000, 40.699999999999996
1000, 44.1
1000, 40.300000000000004
1000, 44.1
1000, 44.1
1000, 40.300000000000004
1000, 44.1
1000, 44.1
1000, 40.300000000000004
1000, 44.1
1000, 44.1
1000, 40.300000000000004
1000, 44.1
1000, 44.1
1000, 40.300000000000004
1000, 44.1
1000, 40.300000000000004
1000, 44.1
1000, 44.1
1000, 40.300000000000004
1000, 44.1
1000, 40.300000000000004
2000, 9.700000000000001
2000, 9.6
2000, 10.05
2000, 10.100000000000001
2000, 10.4
2000, 10.25
2000, 10.299999999999999
2000, 10.35
2000, 10.4
2000, 10.549999999999999
2000, 10.6
2000, 10.6
2000, 10.95
2000, 10.6
2000, 11.25
2000, 11.700000000000001
2000, 12.1
2000, 12.45
2000, 12.35
2000, 13.0
2000, 13.4
2000, 13.700000000000001
2000, 13.5
2000, 14.149999999999999
2000, 14.549999999999999
2000, 14.249999999999998
2000, 15.55
2000, 16.5
2000, 16.2
2000, 17.7
2000, 18.45
2000, 18.05
2000, 19.6
2000, 19.35
2000, 20.599999999999998
2000, 20.0
2000, 21.3
2000, 20.8
2000, 22.400000000000002
2000, 22.25
2000, 24.8
2000, 24.3
2000, 24.9
2000, 26.3
2000, 25.900000000000002
2000, 27.700000000000003
2000, 27.0
2000, 29.15
2000, 28.599999999999998
2000, 29.349999999999998
2000, 30.95
2000, 30.45
2000, 31.05
2000, 32.45
2000, 31.65
2000, 32.65
2000, 33.15
2000, 33.7
2000, 34.25
2000, 34.75
2000, 35.5
2000, 36.95
2000, 35.949999999999996
2000, 36.1
2000, 36.6
2000, 37.1
2000, 37.8
2000, 38.2
2000, 38.75
2000, 38.9
2000, 39.550000000000004
2000, 40.150000000000006
2000, 40.6
2000, 40.9
2000, 41.75
2000, 43.0
2000, 44.4
2000, 45.1
2000, 45.800000000000004
2000, 46.150000000000006
2000, 47.199999999999996
2000, 48.55
2000, 49.7
2000, 50.64999999999999
2000, 51.55
2000, 52.400000000000006
2000, 53.300000000000004
2000, 54.85
2000, 55.15
2000, 56.10000000000001
2000, 56.75
2000, 57.25
2000, 57.85
2000, 60.650000000000006
2000, 58.5
2000, 58.8
2000, 59.150000000000006
2000, 59.699999999999996
2000, 59.9
2000, 60.0
2000, 60.050000000000004
2000, 60.050000000000004
2000, 60.35
2000, 60.35
2000, 60.4
2000, 60.45
2000, 60.5
2000, 60.5
2000, 60.5
2000, 63.3
2000, 60.5
2000, 60.5
2000, 60.5
2000, 60.5
2000, 60.5
2000, 60.5
2000, 63.2
2000, 60.4
2000, 60.4
2000, 60.4
2000, 60.4
2000, 60.4
2000, 60.6
2000, 60.699999999999996
2000, 60.699999999999996
2000, 61.0
2000, 61.1
2000, 61.4
2000, 61.75000000000001
2000, 64.7
2000, 62.7
2000, 63.349999999999994
2000, 64.35
2000, 65.60000000000001
2000, 66.45
2000, 68.60000000000001
2000, 66.25
2000, 65.9
2000, 65.75
2000, 65.45
2000, 65.25
2000, 65.05
2000, 64.7
2000, 63.949999999999996
2000, 66.14999999999999
2000, 63.849999999999994
2000, 63.7
2000, 63.6
2000, 63.6
2000, 63.55
2000, 63.4
2000, 63.1
2000, 62.949999999999996
2000, 62.55
2000, 62.2
2000, 61.85000000000001
2000, 61.5
2000, 61.4
2000, 61.1
2000, 60.9
2000, 60.75000000000001
2000, 60.699999999999996
2000, 60.6
2000, 60.550000000000004
2000, 60.5
2000, 60.5
2000, 60.85
2000, 58.35
2000, 58.35
2000, 58.35
2000, 58.35
2000, 58.35
2000, 60.650000000000006
2000, 58.15
2000, 58.15
2000, 58.15
2000, 58.15
2000, 58.15
2000, 60.4
2000, 57.9
2000, 57.9
2000, 57.9
2000, 57.9
2000, 57.9
2000, 60.199999999999996
2000, 57.699999999999996
2000, 57.699999999999996
2000, 57.699999999999996
2000, 57.699999999999996
2000, 57.699999999999996
2000, 57.699999999999996
2000, 57.699999999999996
2000, 57.699999999999996
2000, 57.699999999999996
2000, 57.699999999999996
2000, 57.699999999999996
2000, 57.699999999999996
2000, 57.699999999999996
2000, 57.699999999999996
2000, 57.699999999999996
2000, 57.699999999999996
2000, 57.699999999999996
2000, 57.699999999999996
2000, 57.699999999999996
2000, 57.699999999999996
2000, 57.699999999999996
2000, 57.699999999999996
2000, 57.85
2000, 57.9
2000, 58.15
2000, 58.3
2000, 60.8
2000, 58.4
2000, 58.5
2000, 58.599999999999994
2000, 58.9
2000, 59.3
2000, 59.550000000000004
2000, 60.0
2000, 62.55
2000, 60.199999999999996
2000, 60.35
2000, 60.0
2000, 59.8
2000, 59.550000000000004
2000, 59.150000000000006
2000, 58.75
2000, 61.199999999999996
2000, 58.550000000000004
2000, 58.4
2000, 58.4
2000, 58.25
2000, 58.15
2000, 58.199999999999996
2000, 58.199999999999996
2000, 58.099999999999994
2000, 58.25
2000, 58.35
2000, 58.45
2000, 58.599999999999994
2000, 58.75
2000, 58.85
2000, 59.0
2000, 61.6
2000, 59.050000000000004
2000, 59.150000000000006
2000, 59.25
2000, 59.45
2000, 59.599999999999994
2000, 59.8
2000, 61.75000000000001
2000, 58.9
2000, 59.0
2000, 59.150000000000006
2000, 61.0
2000, 58.199999999999996
2000, 58.35
2000, 56.75
2000, 56.8
2000, 56.85
2000, 58.9
2000, 55.65
2000, 55.60000000000001
2000, 55.60000000000001
2000, 57.15
2000, 53.7
2000, 53.7
2000, 53.7
2000, 56.15
2000, 52.349999999999994
2000, 52.349999999999994
2000, 52.349999999999994
2000, 52.349999999999994
2000, 55.60000000000001
2000, 51.800000000000004
2000, 51.800000000000004
2000, 51.800000000000004
2000, 51.800000000000004
2000, 51.800000000000004
2000, 51.800000000000004
2000, 51.800000000000004
2000, 51.800000000000004
2000, 55.55
2000, 51.74999999999999
2000, 51.74999999999999
2000, 51.74999999999999
2000, 51.74999999999999
2000, 51.74999999999999
2000, 51.74999999999999
2000, 51.74999999999999
2000, 51.74999999999999
2000, 51.74999999999999
2000, 51.74999999999999
2000, 51.74999999999999
2000, 51.74999999999999
2000, 51.74999999999999
2000, 51.74999999999999
2000, 51.74999999999999
2000, 51.74999999999999
2000, 51.74999999999999
2000, 51.74999999999999
2000, 55.55
2000, 51.74999999999999
2000, 51.74999999999999
2000, 51.74999999999999
2000, 51.74999999999999
2000, 51.74999999999999
2000, 51.74999999999999
2000, 55.55
2000, 51.74999999999999
2000, 51.74999999999999
2000, 51.74999999999999
2000, 51.74999999999999
2000, 51.74999999999999
2000, 51.74999999999999
2000, 51.74999999999999
2000, 55.55
2000, 51.74999999999999
2000, 51.74999999999999
2000, 51.74999999999999
2000, 51.74999999999999
2000, 51.74999999999999
2000, 51.74999999999999
2000, 51.74999999999999
2000, 51.74999999999999
2000, 51.74999999999999
2000, 51.74999999999999
2000, 51.74999999999999
2000, 51.74999999999999
2000, 51.74999999999999
2000, 51.74999999999999
2000, 51.74999999999999
2000, 51.74999999999999
2000, 51.74999999999999
2000, 55.55
2000, 51.74999999999999
2000, 51.74999999999999
2000, 51.74999999999999
2000, 55.55
2000, 51.74999999999999
2000, 51.74999999999999
2000, 55.55
2000, 51.74999999999999
2000, 51.74999999999999
2000, 55.55
2000, 51.74999999999999
2000, 51.74999999999999
2000, 51.74999999999999
2000, 55.55
2000, 51.74999999999999
2000, 55.55
2000, 51.74999999999999
2000, 51.74999999999999
2000, 55.55
2000, 51.74999999999999
2000, 55.55
2000, 51.74999999999999
2000, 55.55
2000, 51.74999999999999
2000, 55.55
2000, 51.74999999999999
2000, 55.50000000000001
2000, 55.400000000000006
2000, 51.55
2000, 55.35
2000, 51.5
2000, 55.35
2000, 51.5
2000, 55.300000000000004
2000, 55.15
2000, 51.300000000000004
2000, 55.15
2000, 55.15
2000, 51.300000000000004
2000, 55.1
2000, 51.24999999999999
2000, 55.1
2000, 55.1
2000, 51.24999999999999
2000, 55.1
2000, 55.1
2000, 51.24999999999999
2000, 55.1
2000, 55.1
2000, 51.24999999999999
2000, 55.1
2000, 55.1
2000, 51.24999999999999
2000, 55.1
2000, 51.24999999999999
2000, 55.1
2000, 55.1
2000, 51.24999999999999
2000, 55.1
2000, 51.24999999999999
3000, 8.933333333333334
3000, 8.566666666666666
3000, 8.966666666666667
3000, 9.033333333333333
3000, 9.566666666666666
3000, 9.3
3000, 9.3
3000, 9.333333333333334
3000, 9.366666666666665
3000, 9.5
3000, 9.566666666666666
3000, 9.633333333333335
3000, 9.9
3000, 9.6
3000, 10.266666666666667
3000, 10.433333333333334
3000, 10.766666666666666
3000, 11.233333333333333
3000, 10.866666666666665
3000, 11.766666666666667
3000, 12.6
3000, 12.9
3000, 12.6
3000, 13.333333333333334
3000, 13.666666666666666
3000, 13.266666666666666
3000, 14.266666666666666
3000, 15.1
3000, 14.733333333333334
3000, 16.266666666666666
3000, 16.833333333333332
3000, 16.5
3000, 17.733333333333334
3000, 17.7
3000, 18.866666666666667
3000, 18.0
3000, 19.3
3000, 18.366666666666667
3000, 19.666666666666664
3000, 19.566666666666666
3000, 21.066666666666666
3000, 20.166666666666664
3000, 20.599999999999998
3000, 22.666666666666664
3000, 21.9
3000, 24.266666666666666
3000, 23.433333333333334
3000, 25.833333333333336
3000, 24.7
3000, 25.333333333333336
3000, 27.266666666666666
3000, 25.933333333333337
3000, 26.43333333333333
3000, 28.499999999999996
3000, 26.900000000000002
3000, 27.666666666666668
3000, 28.96666666666667
3000, 28.933333333333334
3000, 29.533333333333335
3000, 30.099999999999998
3000, 30.533333333333335
3000, 33.0
3000, 31.133333333333336
3000, 31.8
3000, 32.46666666666667
3000, 33.06666666666666
3000, 33.4
3000, 33.733333333333334
3000, 34.2
3000, 34.43333333333333
3000, 34.833333333333336
3000, 35.3
3000, 35.4
3000, 35.86666666666667
3000, 36.733333333333334
3000, 37.666666666666664
3000, 38.7
3000, 39.666666666666664
3000, 41.13333333333333
3000, 41.96666666666667
3000, 42.733333333333334
3000, 43.8
3000, 44.5
3000, 45.300000000000004
3000, 46.33333333333333
3000, 46.833333333333336
3000, 47.766666666666666
3000, 48.3
3000, 48.43333333333334
3000, 49.53333333333333
3000, 50.3
3000, 51.06666666666667
3000, 51.83333333333333
3000, 55.03333333333333
3000, 52.36666666666666
3000, 52.83333333333333
3000, 53.300000000000004
3000, 53.666666666666664
3000, 53.833333333333336
3000, 54.2
3000, 54.300000000000004
3000, 54.36666666666666
3000, 54.400000000000006
3000, 54.43333333333334
3000, 54.53333333333333
3000, 54.56666666666666
3000, 54.6
3000, 54.6
3000, 54.6
3000, 57.96666666666667
3000, 54.6
3000, 54.6
3000, 54.6
3000, 54.6
3000, 54.6
3000, 54.6
3000, 57.96666666666667
3000, 54.6
3000, 54.6
3000, 54.6
3000, 54.6
3000, 54.6
3000, 54.900000000000006
3000, 55.53333333333333
3000, 55.86666666666667
3000, 56.266666666666666
3000, 56.766666666666666
3000, 56.99999999999999
3000, 57.4
3000, 60.86666666666667
3000, 57.8
3000, 58.03333333333334
3000, 58.699999999999996
3000, 58.93333333333334
3000, 59.13333333333334
3000, 62.3
3000, 59.0
3000, 58.833333333333336
3000, 58.63333333333334
3000, 58.56666666666667
3000, 58.43333333333334
3000, 58.3
3000, 58.166666666666664
3000, 58.03333333333334
3000, 61.43333333333333
3000, 57.99999999999999
3000, 57.99999999999999
3000, 57.99999999999999
3000, 57.96666666666667
3000, 57.96666666666667
3000, 57.9
3000, 57.766666666666666
3000, 57.766666666666666
3000, 57.733333333333334
3000, 57.733333333333334
3000, 57.63333333333334
3000, 57.53333333333334
3000, 57.46666666666667
3000, 57.46666666666667
3000, 57.43333333333334
3000, 57.43333333333334
3000, 57.43333333333334
3000, 57.43333333333334
3000, 57.43333333333334
3000, 57.43333333333334
3000, 57.43333333333334
3000, 60.13333333333334
3000, 56.63333333333333
3000, 56.63333333333333
3000, 56.63333333333333
3000, 56.63333333333333
3000, 56.63333333333333
3000, 60.0
3000, 56.49999999999999
3000, 56.49999999999999
3000, 56.49999999999999
3000, 56.49999999999999
3000, 56.49999999999999
3000, 59.36666666666667
3000, 55.800000000000004
3000, 55.800000000000004
3000, 55.800000000000004
3000, 55.800000000000004
3000, 55.800000000000004
3000, 59.333333333333336
3000, 55.766666666666666
3000, 55.766666666666666
3000, 55.766666666666666
3000, 55.766666666666666
3000, 55.766666666666666
3000, 55.766666666666666
3000, 55.766666666666666
3000, 55.766666666666666
3000, 55.766666666666666
3000, 55.766666666666666
3000, 55.766666666666666
3000, 55.766666666666666
3000, 55.766666666666666
3000, 55.766666666666666
3000, 55.766666666666666
3000, 55.766666666666666
3000, 55.766666666666666
3000, 55.766666666666666
3000, 55.766666666666666
3000, 55.766666666666666
3000, 55.766666666666666
3000, 55.766666666666666
3000, 55.93333333333334
3000, 56.06666666666666
3000, 56.2
3000, 56.49999999999999
3000, 60.13333333333334
3000, 56.733333333333334
3000, 56.96666666666667
3000, 57.199999999999996
3000, 57.599999999999994
3000, 58.333333333333336
3000, 58.8
3000, 59.56666666666667
3000, 63.33333333333333
3000, 59.96666666666667
3000, 60.266666666666666
3000, 60.099999999999994
3000, 59.93333333333334
3000, 59.766666666666666
3000, 59.56666666666667
3000, 59.333333333333336
3000, 62.76666666666667
3000, 59.333333333333336
3000, 59.333333333333336
3000, 59.333333333333336
3000, 59.333333333333336
3000, 59.36666666666667
3000, 59.4
3000, 59.46666666666667
3000, 59.63333333333334
3000, 59.766666666666666
3000, 59.96666666666667
3000, 60.16666666666667
3000, 60.36666666666667
3000, 60.56666666666667
3000, 60.766666666666666
3000, 61.0
3000, 64.5
3000, 61.1
3000, 61.3
3000, 61.4
3000, 61.56666666666667
3000, 61.66666666666667
3000, 61.9
3000, 64.2
3000, 60.43333333333333
3000, 60.46666666666667
3000, 60.6
3000, 62.8
3000, 58.733333333333334
3000, 58.833333333333336
3000, 56.56666666666666
3000, 56.63333333333333
3000, 56.699999999999996
3000, 59.0
3000, 54.03333333333333
3000, 54.0
3000, 53.96666666666666
3000, 57.099999999999994
3000, 51.9
3000, 51.9
3000, 51.9
3000, 56.266666666666666
3000, 50.73333333333333
3000, 50.73333333333333
3000, 50.73333333333333
3000, 50.73333333333333
3000, 56.166666666666664
3000, 50.56666666666667
3000, 50.56666666666667
3000, 50.56666666666667
3000, 50.56666666666667
3000, 50.56666666666667
3000, 50.56666666666667
3000, 50.56666666666667
3000, 50.56666666666667
3000, 56.13333333333333
3000, 50.53333333333333
3000, 50.53333333333333
3000, 50.53333333333333
3000, 50.53333333333333
3000, 50.53333333333333
3000, 50.53333333333333
3000, 50.53333333333333
3000, 50.53333333333333
3000, 50.53333333333333
3000, 50.53333333333333
3000, 50.53333333333333
3000, 50.53333333333333
3000, 50.53333333333333
3000, 50.53333333333333
3000, 50.53333333333333
3000, 50.53333333333333
3000, 50.53333333333333
3000, 50.53333333333333
3000, 56.13333333333333
3000, 50.53333333333333
3000, 50.53333333333333
3000, 50.53333333333333
3000, 50.53333333333333
3000, 50.53333333333333
3000, 50.53333333333333
3000, 56.13333333333333
3000, 50.53333333333333
3000, 50.53333333333333
3000, 50.53333333333333
3000, 50.53333333333333
3000, 50.53333333333333
3000, 50.53333333333333
3000, 50.53333333333333
3000, 56.13333333333333
3000, 50.53333333333333
3000, 50.53333333333333
3000, 50.53333333333333
3000, 50.53333333333333
3000, 50.53333333333333
3000, 50.53333333333333
3000, 50.53333333333333
3000, 50.53333333333333
3000, 50.53333333333333
3000, 50.53333333333333
3000, 50.53333333333333
3000, 50.53333333333333
3000, 50.53333333333333
3000, 50.53333333333333
3000, 50.53333333333333
3000, 50.53333333333333
3000, 50.53333333333333
3000, 56.13333333333333
3000, 50.53333333333333
3000, 50.53333333333333
3000, 50.53333333333333
3000, 56.13333333333333
3000, 50.53333333333333
3000, 50.53333333333333
3000, 56.13333333333333
3000, 50.53333333333333
3000, 50.53333333333333
3000, 56.13333333333333
3000, 50.53333333333333
3000, 50.53333333333333
3000, 50.53333333333333
3000, 56.13333333333333
3000, 50.53333333333333
3000, 56.13333333333333
3000, 50.53333333333333
3000, 50.53333333333333
3000, 56.13333333333333
3000, 50.53333333333333
3000, 56.13333333333333
3000, 50.53333333333333
3000, 56.13333333333333
3000, 50.53333333333333
3000, 56.13333333333333
3000, 50.53333333333333
3000, 56.13333333333333
3000, 56.06666666666666
3000, 50.46666666666667
3000, 56.00000000000001
3000, 50.4
3000, 55.86666666666667
3000, 50.23333333333333
3000, 55.833333333333336
3000, 55.833333333333336
3000, 50.2
3000, 55.833333333333336
3000, 55.833333333333336
3000, 50.16666666666667
3000, 55.833333333333336
3000, 50.16666666666667
3000, 55.833333333333336
3000, 55.833333333333336
3000, 50.16666666666667
3000, 55.833333333333336
3000, 55.833333333333336
3000, 50.16666666666667
3000, 55.833333333333336
3000, 55.833333333333336
3000, 50.16666666666667
3000, 55.833333333333336
3000, 55.833333333333336
3000, 50.16666666666667
3000, 55.833333333333336
3000, 50.16666666666667
3000, 55.833333333333336
3000, 55.833333333333336
3000, 50.16666666666667
3000, 55.833333333333336
3000, 50.16666666666667
4000, 12.425
4000, 12.3
4000, 12.525
4000, 12.6
4000, 12.975
4000, 12.65
4000, 12.875
4000, 13.025
4000, 13.100000000000001
4000, 13.225000000000001
4000, 13.25
4000, 13.3
4000, 13.55
4000, 13.3
4000, 13.875000000000002
4000, 14.099999999999998
4000, 14.575
4000, 15.299999999999999
4000, 15.125
4000, 15.875
4000, 16.175
4000, 17.025000000000002
4000, 16.875
4000, 17.875
4000, 18.55
4000, 18.4
4000, 19.275000000000002
4000, 20.075000000000003
4000, 19.900000000000002
4000, 21.25
4000, 22.45
4000, 22.125
4000, 23.825
4000, 24.125
4000, 25.15
4000, 24.575
4000, 26.25
4000, 25.724999999999998
4000, 27.200000000000003
4000, 26.924999999999997
4000, 28.999999999999996
4000, 28.575
4000, 29.475
4000, 31.924999999999997
4000, 31.275
4000, 32.65
4000, 32.074999999999996
4000, 35.199999999999996
4000, 34.599999999999994
4000, 35.15
4000, 37.25
4000, 36.4
4000, 37.45
4000, 39.275
4000, 38.425
4000, 39.425
4000, 40.699999999999996
4000, 41.275
4000, 41.925000000000004
4000, 42.825
4000, 43.6
4000, 46.150000000000006
4000, 44.4
4000, 44.7
4000, 45.1
4000, 45.574999999999996
4000, 45.775
4000, 46.400000000000006
4000, 46.775
4000, 47.075
4000, 47.575
4000, 47.9
4000, 48.625
4000, 49.3
4000, 49.525000000000006
4000, 50.275000000000006
4000, 50.925
4000, 51.4
4000, 51.925
4000, 52.925
4000, 53.65
4000, 54.37499999999999
4000, 54.775
4000, 55.275
4000, 56.225
4000, 56.675
4000, 57.3
4000, 58.025000000000006
4000, 58.425000000000004
4000, 59.075
4000, 59.9
4000, 60.525
4000, 61.3
4000, 64.0
4000, 61.5
4000, 61.95
4000, 62.25000000000001
4000, 62.64999999999999
4000, 62.8
4000, 63.0
4000, 63.075
4000, 63.175000000000004
4000, 63.075
4000, 63.24999999999999
4000, 63.349999999999994
4000, 63.375
4000, 63.375
4000, 63.375
4000, 63.375
4000, 66.525
4000, 63.375
4000, 63.375
4000, 63.375
4000, 63.375
4000, 63.375
4000, 63.375
4000, 66.525
4000, 63.375
4000, 63.375
4000, 63.375
4000, 63.375
4000, 63.375
4000, 63.5
4000, 63.74999999999999
4000, 63.849999999999994
4000, 64.05
4000, 64.275
4000, 64.47500000000001
4000, 64.875
4000, 68.075
4000, 65.25
4000, 65.625
4000, 66.27499999999999
4000, 66.625
4000, 67.27499999999999
4000, 69.575
4000, 67.2
4000, 67.05
4000, 66.9
4000, 66.675
4000, 66.60000000000001
4000, 66.425
4000, 65.95
4000, 65.7
4000, 68.15
4000, 65.525
4000, 65.35
4000, 65.125
4000, 64.95
4000, 64.775
4000, 64.60000000000001
4000, 64.5
4000, 64.3
4000, 64.025
4000, 63.949999999999996
4000, 63.775000000000006
4000, 63.7
4000, 63.65
4000, 63.625
4000, 63.625
4000, 63.525
4000, 63.425
4000, 63.3
4000, 63.24999999999999
4000, 63.2
4000, 63.2
4000, 65.05
4000, 62.45
4000, 62.45
4000, 62.45
4000, 62.45
4000, 62.45
4000, 64.875
4000, 62.25000000000001
4000, 62.25000000000001
4000, 62.25000000000001
4000, 62.25000000000001
4000, 62.25000000000001
4000, 64.4
4000, 61.724999999999994
4000, 61.724999999999994
4000, 61.724999999999994
4000, 61.724999999999994
4000, 61.724999999999994
4000, 64.0
4000, 61.3
4000, 61.3
4000, 61.3
4000, 61.3
4000, 61.3
4000, 61.3
4000, 61.3
4000, 61.3
4000, 61.3
4000, 61.3
4000, 61.3
4000, 61.3
4000, 61.3
4000, 61.3
4000, 61.3
4000, 61.3
4000, 61.3
4000, 61.3
4000, 61.3
4000, 61.3
4000, 61.3
4000, 61.3
4000, 61.324999999999996
4000, 61.4
4000, 61.5
4000, 61.6
4000, 64.3
4000, 61.9
4000, 62.224999999999994
4000, 62.64999999999999
4000, 62.949999999999996
4000, 63.55
4000, 64.05
4000, 64.60000000000001
4000, 67.375
4000, 64.725
4000, 64.85
4000, 64.67500000000001
4000, 64.375
4000, 64.2
4000, 64.0
4000, 63.87500000000001
4000, 66.60000000000001
4000, 63.800000000000004
4000, 63.725
4000, 63.65
4000, 63.625
4000, 63.6
4000, 63.525
4000, 63.55
4000, 63.575
4000, 63.675000000000004
4000, 63.800000000000004
4000, 63.9
4000, 64.025
4000, 64.2
4000, 64.325
4000, 64.55
4000, 67.27499999999999
4000, 64.60000000000001
4000, 64.7
4000, 64.825
4000, 65.0
4000, 65.075
4000, 65.35
4000, 66.925
4000, 64.075
4000, 64.14999999999999
4000, 64.325
4000, 64.55
4000, 61.3
4000, 61.3
4000, 60.550000000000004
4000, 60.575
4000, 60.650000000000006
4000, 62.975
4000, 59.35
4000, 59.35
4000, 59.325
4000, 61.9
4000, 57.99999999999999
4000, 57.99999999999999
4000, 57.99999999999999
4000, 61.175000000000004
4000, 57.199999999999996
4000, 57.199999999999996
4000, 57.199999999999996
4000, 57.199999999999996
4000, 61.075
4000, 57.099999999999994
4000, 57.099999999999994
4000, 57.099999999999994
4000, 57.099999999999994
4000, 57.099999999999994
4000, 57.099999999999994
4000, 57.099999999999994
4000, 57.099999999999994
4000, 61.075
4000, 57.099999999999994
4000, 57.099999999999994
4000, 57.099999999999994
4000, 57.099999999999994
4000, 57.099999999999994
4000, 57.099999999999994
4000, 57.099999999999994
4000, 57.099999999999994
4000, 57.099999999999994
4000, 57.099999999999994
4000, 57.099999999999994
4000, 57.099999999999994
4000, 57.099999999999994
4000, 57.099999999999994
4000, 57.099999999999994
4000, 57.099999999999994
4000, 57.099999999999994
4000, 57.099999999999994
4000, 61.075
4000, 57.099999999999994
4000, 57.099999999999994
4000, 57.099999999999994
4000, 57.099999999999994
4000, 57.099999999999994
4000, 57.099999999999994
4000, 61.075
4000, 57.099999999999994
4000, 57.099999999999994
4000, 57.099999999999994
4000, 57.099999999999994
4000, 57.099999999999994
4000, 57.099999999999994
4000, 57.099999999999994
4000, 61.075
4000, 57.099999999999994
4000, 57.099999999999994
4000, 57.099999999999994
4000, 57.099999999999994
4000, 57.099999999999994
4000, 57.099999999999994
4000, 57.099999999999994
4000, 57.099999999999994
4000, 57.099999999999994
4000, 57.099999999999994
4000, 57.099999999999994
4000, 57.099999999999994
4000, 57.099999999999994
4000, 57.099999999999994
4000, 57.099999999999994
4000, 57.099999999999994
4000, 57.099999999999994
4000, 61.075
4000, 57.099999999999994
4000, 57.099999999999994
4000, 57.099999999999994
4000, 61.075
4000, 57.099999999999994
4000, 57.099999999999994
4000, 61.075
4000, 57.099999999999994
4000, 57.099999999999994
4000, 61.075
4000, 57.099999999999994
4000, 57.099999999999994
4000, 57.099999999999994
4000, 61.075
4000, 57.099999999999994
4000, 61.075
4000, 57.099999999999994
4000, 57.099999999999994
4000, 61.075
4000, 57.099999999999994
4000, 61.075
4000, 57.099999999999994
4000, 61.025
4000, 57.05
4000, 60.9
4000, 56.89999999999999
4000, 60.9
4000, 60.875
4000, 56.875
4000, 60.75000000000001
4000, 56.75
4000, 60.75000000000001
4000, 56.75
4000, 60.75000000000001
4000, 60.550000000000004
4000, 56.55
4000, 60.5
4000, 60.5
4000, 56.49999999999999
4000, 60.45
4000, 56.45
4000, 60.45
4000, 60.45
4000, 56.45
4000, 60.45
4000, 60.45
4000, 56.45
4000, 60.45
4000, 60.45
4000, 56.45
4000, 60.45
4000, 60.45
4000, 56.45
4000, 60.45
4000, 56.45
4000, 60.45
4000, 60.45
4000, 56.45
4000, 60.45
4000, 56.45
5000, 14.64
5000, 14.44
5000, 14.979999999999999
5000, 15.02
5000, 15.540000000000001
5000, 15.28
5000, 15.36
5000, 15.5
5000, 15.559999999999999
5000, 15.68
5000, 15.82
5000, 15.939999999999998
5000, 16.3
5000, 15.86
5000, 17.06
5000, 17.740000000000002
5000, 18.54
5000, 19.0
5000, 18.740000000000002
5000, 19.900000000000002
5000, 20.16
5000, 21.04
5000, 20.78
5000, 21.86
5000, 22.52
5000, 22.259999999999998
5000, 23.5
5000, 24.560000000000002
5000, 24.52
5000, 26.479999999999997
5000, 27.96
5000, 27.66
5000, 29.299999999999997
5000, 29.299999999999997
5000, 30.78
5000, 30.0
5000, 32.12
5000, 31.180000000000003
5000, 33.06
5000, 32.72
5000, 34.54
5000, 33.48
5000, 34.02
5000, 36.38
5000, 35.260000000000005
5000, 38.019999999999996
5000, 36.94
5000, 39.36
5000, 38.26
5000, 38.879999999999995
5000, 41.18
5000, 39.98
5000, 40.62
5000, 42.66
5000, 41.44
5000, 42.02
5000, 43.16
5000, 43.419999999999995
5000, 44.22
5000, 44.84
5000, 45.519999999999996
5000, 47.68
5000, 46.400000000000006
5000, 46.98
5000, 47.599999999999994
5000, 47.88
5000, 48.559999999999995
5000, 49.08
5000, 49.5
5000, 50.06
5000, 50.339999999999996
5000, 50.480000000000004
5000, 50.86000000000001
5000, 51.519999999999996
5000, 51.94
5000, 52.42
5000, 53.059999999999995
5000, 53.66
5000, 54.26
5000, 55.1
5000, 55.46
5000, 55.879999999999995
5000, 56.66
5000, 57.26
5000, 57.66
5000, 57.96
5000, 58.84
5000, 59.419999999999995
5000, 59.9
5000, 60.540000000000006
5000, 60.96
5000, 61.339999999999996
5000, 61.919999999999995
5000, 64.08
5000, 62.1
5000, 62.580000000000005
5000, 62.72
5000, 63.0
5000, 63.32
5000, 63.5
5000, 63.6
5000, 63.63999999999999
5000, 63.6
5000, 63.63999999999999
5000, 63.63999999999999
5000, 63.63999999999999
5000, 63.63999999999999
5000, 63.63999999999999
5000, 63.63999999999999
5000, 65.98
5000, 63.54
5000, 63.54
5000, 63.54
5000, 63.54
5000, 63.54
5000, 63.54
5000, 65.96
5000, 63.519999999999996
5000, 63.519999999999996
5000, 63.519999999999996
5000, 63.519999999999996
5000, 63.519999999999996
5000, 63.6
5000, 63.72
5000, 63.9
5000, 64.1
5000, 64.48
5000, 64.84
5000, 65.22
5000, 67.7
5000, 65.42
5000, 65.60000000000001
5000, 65.75999999999999
5000, 66.08000000000001
5000, 66.36
5000, 68.58
5000, 66.36
5000, 66.34
5000, 66.24
5000, 66.16
5000, 66.16
5000, 66.08000000000001
5000, 65.98
5000, 65.92
5000, 68.17999999999999
5000, 65.9
5000, 65.86
5000, 65.84
5000, 65.84
5000, 65.82000000000001
5000, 65.60000000000001
5000, 65.48
5000, 65.42
5000, 65.38000000000001
5000, 65.34
5000, 65.32
5000, 65.28
5000, 65.18
5000, 65.18
5000, 65.10000000000001
5000, 65.02
5000, 64.94
5000, 64.9
5000, 64.78
5000, 64.74
5000, 64.74
5000, 66.25999999999999
5000, 63.72
5000, 63.72
5000, 63.72
5000, 63.72
5000, 63.72
5000, 65.60000000000001
5000, 62.980000000000004
5000, 62.980000000000004
5000, 62.980000000000004
5000, 62.980000000000004
5000, 62.980000000000004
5000, 64.84
5000, 62.22
5000, 62.22
5000, 62.22
5000, 62.22
5000, 62.22
5000, 64.64
5000, 62.019999999999996
5000, 62.019999999999996
5000, 62.019999999999996
5000, 62.019999999999996
5000, 62.019999999999996
5000, 62.019999999999996
5000, 62.019999999999996
5000, 62.019999999999996
5000, 62.019999999999996
5000, 62.019999999999996
5000, 62.019999999999996
5000, 62.019999999999996
5000, 62.019999999999996
5000, 62.019999999999996
5000, 62.019999999999996
5000, 62.019999999999996
5000, 62.019999999999996
5000, 62.019999999999996
5000, 62.019999999999996
5000, 62.019999999999996
5000, 62.019999999999996
5000, 62.019999999999996
5000, 62.13999999999999
5000, 62.419999999999995
5000, 62.6
5000, 62.82
5000, 65.44
5000, 62.839999999999996
5000, 62.88
5000, 62.96000000000001
5000, 63.06
5000, 63.28
5000, 63.68000000000001
5000, 64.05999999999999
5000, 66.8
5000, 64.32
5000, 64.62
5000, 64.28
5000, 64.08
5000, 63.88
5000, 63.62
5000, 63.339999999999996
5000, 65.74
5000, 63.3
5000, 63.239999999999995
5000, 63.239999999999995
5000, 63.019999999999996
5000, 62.92
5000, 62.88
5000, 62.82
5000, 62.82
5000, 62.94
5000, 63.12
5000, 63.239999999999995
5000, 63.580000000000005
5000, 64.02
5000, 64.22
5000, 64.38000000000001
5000, 66.88
5000, 64.53999999999999
5000, 64.7
5000, 64.86
5000, 65.24
5000, 65.42
5000, 65.68
5000, 66.36
5000, 63.78
5000, 63.85999999999999
5000, 64.0
5000, 65.16
5000, 62.28
5000, 62.5
5000, 60.099999999999994
5000, 60.099999999999994
5000, 60.22
5000, 63.04
5000, 59.660000000000004
5000, 59.64
5000, 59.62
5000, 61.6
5000, 58.040000000000006
5000, 58.040000000000006
5000, 58.040000000000006
5000, 60.980000000000004
5000, 57.4
5000, 57.4
5000, 57.4
5000, 57.4
5000, 60.46
5000, 56.82000000000001
5000, 56.82000000000001
5000, 56.82000000000001
5000, 56.82000000000001
5000, 56.82000000000001
5000, 56.82000000000001
5000, 56.82000000000001
5000, 56.82000000000001
5000, 60.440000000000005
5000, 56.8
5000, 56.8
5000, 56.8
5000, 56.8
5000, 56.8
5000, 56.8
5000, 56.8
5000, 56.8
5000, 56.8
5000, 56.8
5000, 56.8
5000, 56.8
5000, 56.8
5000, 56.8
5000, 56.8
5000, 56.8
5000, 56.8
5000, 56.8
5000, 60.440000000000005
5000, 56.8
5000, 56.8
5000, 56.8
5000, 56.8
5000, 56.8
5000, 56.8
5000, 60.440000000000005
5000, 56.8
5000, 56.8
5000, 56.8
5000, 56.8
5000, 56.8
5000, 56.8
5000, 56.8
5000, 60.440000000000005
5000, 56.8
5000, 56.8
5000, 56.8
5000, 56.8
5000, 56.8
5000, 56.8
5000, 56.8
5000, 56.8
5000, 56.8
5000, 56.8
5000, 56.8
5000, 56.8
5000, 56.8
5000, 56.8
5000, 56.8
5000, 56.8
5000, 56.8
5000, 60.440000000000005
5000, 56.8
5000, 56.8
5000, 56.8
5000, 60.440000000000005
5000, 56.8
5000, 56.8
5000, 60.440000000000005
5000, 56.8
5000, 56.8
5000, 60.440000000000005
5000, 56.8
5000, 56.8
5000, 56.8
5000, 60.440000000000005
5000, 56.8
5000, 60.440000000000005
5000, 56.8
5000, 56.8
5000, 60.440000000000005
5000, 56.8
5000, 60.440000000000005
5000, 56.8
5000, 60.440000000000005
5000, 56.8
5000, 60.4
5000, 56.76
5000, 60.36
5000, 60.34
5000, 56.699999999999996
5000, 60.260000000000005
5000, 56.620000000000005
5000, 60.24
5000, 56.599999999999994
5000, 60.160000000000004
5000, 60.099999999999994
5000, 56.44
5000, 60.019999999999996
5000, 59.940000000000005
5000, 56.24
5000, 59.919999999999995
5000, 56.2
5000, 59.919999999999995
5000, 59.919999999999995
5000, 56.2
5000, 59.919999999999995
5000, 59.919999999999995
5000, 56.2
5000, 59.919999999999995
5000, 59.919999999999995
5000, 56.2
5000, 59.919999999999995
5000, 59.919999999999995
5000, 56.2
5000, 59.919999999999995
5000, 56.2
5000, 59.919999999999995
5000, 59.919999999999995
5000, 56.2
5000, 59.919999999999995
5000, 56.220000000000006
6000, 9.133333333333333
6000, 9.033333333333333
6000, 9.4
6000, 9.45
6000, 9.933333333333334
6000, 9.483333333333334
6000, 9.533333333333333
6000, 9.6
6000, 9.683333333333334
6000, 9.783333333333333
6000, 9.883333333333333
6000, 10.083333333333332
6000, 10.466666666666667
6000, 10.116666666666667
6000, 10.866666666666665
6000, 11.283333333333333
6000, 11.566666666666666
6000, 12.0
6000, 11.666666666666666
6000, 12.466666666666667
6000, 12.866666666666667
6000, 13.333333333333334
6000, 13.05
6000, 14.033333333333333
6000, 14.799999999999999
6000, 14.433333333333334
6000, 15.583333333333332
6000, 16.28333333333333
6000, 15.85
6000, 17.233333333333334
6000, 17.833333333333336
6000, 17.566666666666666
6000, 19.133333333333333
6000, 18.96666666666667
6000, 20.549999999999997
6000, 19.783333333333335
6000, 21.4
6000, 20.766666666666666
6000, 21.78333333333333
6000, 21.516666666666666
6000, 23.333333333333332
6000, 22.383333333333333
6000, 22.883333333333333
6000, 24.916666666666668
6000, 24.116666666666667
6000, 26.05
6000, 25.1
6000, 27.18333333333333
6000, 26.23333333333333
6000, 26.950000000000003
6000, 28.883333333333333
6000, 27.766666666666666
6000, 28.549999999999997
6000, 30.4
6000, 29.333333333333332
6000, 29.96666666666667
6000, 30.85
6000, 31.216666666666665
6000, 31.7
6000, 32.35
6000, 33.266666666666666
6000, 35.35
6000, 34.0
6000, 34.46666666666667
6000, 34.983333333333334
6000, 35.583333333333336
6000, 36.15
6000, 36.733333333333334
6000, 37.3
6000, 37.86666666666667
6000, 38.28333333333334
6000, 38.78333333333333
6000, 39.13333333333333
6000, 39.983333333333334
6000, 40.766666666666666
6000, 41.56666666666667
6000, 42.35
6000, 43.05
6000, 43.766666666666666
6000, 44.7
6000, 45.483333333333334
6000, 46.733333333333334
6000, 47.483333333333334
6000, 48.333333333333336
6000, 49.15
6000, 49.81666666666666
6000, 50.81666666666666
6000, 51.71666666666667
6000, 52.5
6000, 53.43333333333333
6000, 54.35
6000, 55.21666666666667
6000, 56.05
6000, 58.333333333333336
6000, 56.63333333333333
6000, 57.08333333333333
6000, 57.45
6000, 57.81666666666667
6000, 58.099999999999994
6000, 58.25
6000, 58.45
6000, 58.58333333333333
6000, 58.61666666666666
6000, 58.699999999999996
6000, 58.699999999999996
6000, 58.699999999999996
6000, 58.699999999999996
6000, 58.699999999999996
6000, 58.699999999999996
6000, 61.266666666666666
6000, 58.650000000000006
6000, 58.650000000000006
6000, 58.650000000000006
6000, 58.650000000000006
6000, 58.650000000000006
6000, 58.650000000000006
6000, 61.266666666666666
6000, 58.650000000000006
6000, 58.650000000000006
6000, 58.650000000000006
6000, 58.650000000000006
6000, 58.650000000000006
6000, 58.86666666666667
6000, 59.25
6000, 59.516666666666666
6000, 59.81666666666666
6000, 60.150000000000006
6000, 60.43333333333333
6000, 60.78333333333333
6000, 63.53333333333333
6000, 61.25000000000001
6000, 61.650000000000006
6000, 62.03333333333333
6000, 62.6
6000, 63.05
6000, 65.2
6000, 62.96666666666667
6000, 62.83333333333333
6000, 62.71666666666667
6000, 62.53333333333333
6000, 62.36666666666667
6000, 62.21666666666666
6000, 62.06666666666667
6000, 61.983333333333334
6000, 64.21666666666667
6000, 61.95
6000, 61.93333333333333
6000, 61.916666666666664
6000, 61.85000000000001
6000, 61.85000000000001
6000, 61.8
6000, 61.7
6000, 61.650000000000006
6000, 61.56666666666667
6000, 61.516666666666666
6000, 61.43333333333333
6000, 61.416666666666664
6000, 61.36666666666667
6000, 61.36666666666667
6000, 61.266666666666666
6000, 61.266666666666666
6000, 61.21666666666666
6000, 61.11666666666666
6000, 61.06666666666667
6000, 61.06666666666667
6000, 61.06666666666667
6000, 62.26666666666667
6000, 59.81666666666666
6000, 59.81666666666666
6000, 59.81666666666666
6000, 59.81666666666666
6000, 59.81666666666666
6000, 61.150000000000006
6000, 58.61666666666666
6000, 58.61666666666666
6000, 58.61666666666666
6000, 58.61666666666666
6000, 58.61666666666666
6000, 60.699999999999996
6000, 58.15
6000, 58.15
6000, 58.15
6000, 58.15
6000, 58.15
6000, 60.56666666666667
6000, 57.983333333333334
6000, 57.983333333333334
6000, 57.983333333333334
6000, 57.983333333333334
6000, 57.983333333333334
6000, 57.983333333333334
6000, 57.983333333333334
6000, 57.983333333333334
6000, 57.983333333333334
6000, 57.983333333333334
6000, 57.983333333333334
6000, 57.983333333333334
6000, 57.983333333333334
6000, 57.983333333333334
6000, 57.983333333333334
6000, 57.983333333333334
6000, 57.983333333333334
6000, 57.983333333333334
6000, 57.983333333333334
6000, 57.983333333333334
6000, 57.983333333333334
6000, 57.983333333333334
6000, 58.18333333333333
6000, 58.38333333333333
6000, 58.650000000000006
6000, 58.75
6000, 61.35
6000, 59.06666666666667
6000, 59.36666666666667
6000, 59.599999999999994
6000, 59.93333333333334
6000, 60.56666666666667
6000, 61.23333333333333
6000, 61.650000000000006
6000, 64.35
6000, 61.76666666666667
6000, 61.93333333333333
6000, 61.7
6000, 61.416666666666664
6000, 61.083333333333336
6000, 60.8
6000, 60.516666666666666
6000, 63.2
6000, 60.23333333333334
6000, 60.03333333333334
6000, 59.766666666666666
6000, 59.266666666666666
6000, 58.983333333333334
6000, 58.81666666666666
6000, 58.699999999999996
6000, 58.63333333333334
6000, 58.56666666666667
6000, 58.63333333333334
6000, 58.8
6000, 59.03333333333334
6000, 59.28333333333333
6000, 59.38333333333333
6000, 59.5
6000, 62.45
6000, 59.599999999999994
6000, 59.68333333333333
6000, 59.78333333333333
6000, 59.93333333333334
6000, 60.099999999999994
6000, 60.266666666666666
6000, 61.68333333333334
6000, 58.51666666666666
6000, 58.599999999999994
6000, 58.68333333333333
6000, 58.4
6000, 54.800000000000004
6000, 54.85
6000, 53.68333333333334
6000, 53.75
6000, 53.86666666666666
6000, 56.81666666666667
6000, 52.983333333333334
6000, 52.916666666666664
6000, 52.88333333333334
6000, 55.2
6000, 51.13333333333333
6000, 51.13333333333333
6000, 51.13333333333333
6000, 54.98333333333333
6000, 50.949999999999996
6000, 50.949999999999996
6000, 50.949999999999996
6000, 50.949999999999996
6000, 54.56666666666666
6000, 50.483333333333334
6000, 50.483333333333334
6000, 50.483333333333334
6000, 50.483333333333334
6000, 50.483333333333334
6000, 50.483333333333334
6000, 50.483333333333334
6000, 50.483333333333334
6000, 54.50000000000001
6000, 50.4
6000, 50.4
6000, 50.4
6000, 50.4
6000, 50.4
6000, 50.4
6000, 50.4
6000, 50.4
6000, 50.4
6000, 50.4
6000, 50.4
6000, 50.4
6000, 50.4
6000, 50.4
6000, 50.4
6000, 50.4
6000, 50.4
6000, 50.4
6000, 54.50000000000001
6000, 50.4
6000, 50.4
6000, 50.4
6000, 50.4
6000, 50.4
6000, 50.4
6000, 54.50000000000001
6000, 50.4
6000, 50.4
6000, 50.4
6000, 50.4
6000, 50.4
6000, 50.4
6000, 50.4
6000, 54.50000000000001
6000, 50.4
6000, 50.4
6000, 50.4
6000, 50.4
6000, 50.4
6000, 50.4
6000, 50.4
6000, 50.4
6000, 50.4
6000, 50.4
6000, 50.4
6000, 50.4
6000, 50.4
6000, 50.4
6000, 50.4
6000, 50.4
6000, 50.4
6000, 54.50000000000001
6000, 50.4
6000, 50.4
6000, 50.4
6000, 54.50000000000001
6000, 50.4
6000, 50.4
6000, 54.50000000000001
6000, 50.4
6000, 50.4
6000, 54.50000000000001
6000, 50.4
6000, 50.4
6000, 50.4
6000, 54.50000000000001
6000, 50.4
6000, 54.50000000000001
6000, 50.4
6000, 50.4
6000, 54.50000000000001
6000, 50.4
6000, 54.50000000000001
6000, 50.4
6000, 54.41666666666667
6000, 50.3
6000, 54.383333333333326
6000, 50.26666666666667
6000, 54.31666666666667
6000, 54.300000000000004
6000, 50.18333333333334
6000, 54.266666666666666
6000, 50.13333333333333
6000, 54.25
6000, 50.11666666666667
6000, 54.25
6000, 54.166666666666664
6000, 50.03333333333333
6000, 54.13333333333333
6000, 54.05
6000, 49.88333333333333
6000, 54.0
6000, 49.833333333333336
6000, 54.0
6000, 54.0
6000, 49.833333333333336
6000, 54.0
6000, 54.0
6000, 49.833333333333336
6000, 54.0
6000, 54.0
6000, 49.833333333333336
6000, 54.0
6000, 54.0
6000, 49.833333333333336
6000, 54.0
6000, 49.833333333333336
6000, 54.0
6000, 54.0
6000, 49.833333333333336
6000, 54.0
6000, 49.85
7000, 8.685714285714285
7000, 8.82857142857143
7000, 8.857142857142856
7000, 8.942857142857143
7000, 9.4
7000, 9.0
7000, 9.1
7000, 9.214285714285714
7000, 9.27142857142857
7000, 9.32857142857143
7000, 9.357142857142858
7000, 9.442857142857143
7000, 9.77142857142857
7000, 9.814285714285715
7000, 10.285714285714285
7000, 10.528571428571428
7000, 10.942857142857143
7000, 11.628571428571428
7000, 11.785714285714285
7000, 12.357142857142858
7000, 12.785714285714286
7000, 13.285714285714286
7000, 13.5
7000, 14.114285714285716
7000, 14.785714285714285
7000, 14.871428571428572
7000, 15.9
7000, 16.885714285714286
7000, 16.82857142857143
7000, 18.014285714285712
7000, 19.128571428571426
7000, 19.17142857142857
7000, 20.67142857142857
7000, 20.9
7000, 22.371428571428574
7000, 21.67142857142857
7000, 23.314285714285717
7000, 22.57142857142857
7000, 23.95714285714286
7000, 23.914285714285715
7000, 25.571428571428573
7000, 24.5
7000, 25.114285714285717
7000, 27.77142857142857
7000, 26.771428571428572
7000, 29.2
7000, 28.142857142857142
7000, 30.38571428571429
7000, 29.15714285714286
7000, 29.771428571428572
7000, 32.07142857142857
7000, 30.814285714285717
7000, 31.5
7000, 33.82857142857143
7000, 32.52857142857143
7000, 33.14285714285714
7000, 34.17142857142857
7000, 34.48571428571429
7000, 35.042857142857144
7000, 35.72857142857143
7000, 36.357142857142854
7000, 38.67142857142857
7000, 37.042857142857144
7000, 37.44285714285714
7000, 37.77142857142857
7000, 38.2
7000, 38.65714285714286
7000, 38.9
7000, 39.371428571428574
7000, 39.51428571428571
7000, 39.82857142857143
7000, 40.02857142857143
7000, 40.32857142857143
7000, 40.957142857142856
7000, 41.699999999999996
7000, 42.4
7000, 42.885714285714286
7000, 43.642857142857146
7000, 44.15714285714286
7000, 44.57142857142857
7000, 44.91428571428571
7000, 45.42857142857143
7000, 46.15714285714286
7000, 46.74285714285714
7000, 47.44285714285714
7000, 47.885714285714286
7000, 48.41428571428572
7000, 48.94285714285714
7000, 49.25714285714285
7000, 49.971428571428575
7000, 50.47142857142857
7000, 51.042857142857144
7000, 51.7
7000, 54.32857142857143
7000, 51.87142857142857
7000, 52.24285714285715
7000, 52.542857142857144
7000, 52.714285714285715
7000, 52.91428571428571
7000, 53.05714285714286
7000, 53.17142857142857
7000, 53.22857142857143
7000, 53.34285714285715
7000, 53.400000000000006
7000, 53.41428571428571
7000, 53.457142857142856
7000, 53.48571428571428
7000, 53.48571428571428
7000, 53.48571428571428
7000, 56.32857142857143
7000, 53.400000000000006
7000, 53.400000000000006
7000, 53.400000000000006
7000, 53.400000000000006
7000, 53.400000000000006
7000, 53.400000000000006
7000, 56.3
7000, 53.37142857142857
7000, 53.37142857142857
7000, 53.37142857142857
7000, 53.37142857142857
7000, 53.37142857142857
7000, 53.41428571428571
7000, 53.542857142857144
7000, 53.74285714285715
7000, 53.97142857142857
7000, 54.22857142857143
7000, 54.6
7000, 54.82857142857143
7000, 57.871428571428574
7000, 55.471428571428575
7000, 55.971428571428575
7000, 56.51428571428572
7000, 57.199999999999996
7000, 57.699999999999996
7000, 60.07142857142858
7000, 57.54285714285714
7000, 57.285714285714285
7000, 57.114285714285714
7000, 56.91428571428572
7000, 56.8
7000, 56.699999999999996
7000, 56.557142857142864
7000, 56.42857142857143
7000, 58.885714285714286
7000, 56.31428571428572
7000, 56.14285714285714
7000, 56.07142857142857
7000, 56.01428571428572
7000, 55.91428571428572
7000, 55.885714285714286
7000, 55.75714285714286
7000, 55.628571428571426
7000, 55.528571428571425
7000, 55.42857142857143
7000, 55.371428571428574
7000, 55.31428571428572
7000, 55.25714285714286
7000, 55.22857142857143
7000, 55.18571428571428
7000, 55.17142857142857
7000, 55.114285714285714
7000, 55.028571428571425
7000, 54.98571428571428
7000, 54.95714285714286
7000, 54.95714285714286
7000, 56.885714285714286
7000, 54.2
7000, 54.2
7000, 54.2
7000, 54.2
7000, 54.2
7000, 55.885714285714286
7000, 53.17142857142857
7000, 53.17142857142857
7000, 53.17142857142857
7000, 53.17142857142857
7000, 53.17142857142857
7000, 55.64285714285714
7000, 52.91428571428571
7000, 52.91428571428571
7000, 52.91428571428571
7000, 52.91428571428571
7000, 52.91428571428571
7000, 55.557142857142864
7000, 52.82857142857142
7000, 52.82857142857142
7000, 52.82857142857142
7000, 52.82857142857142
7000, 52.82857142857142
7000, 52.82857142857142
7000, 52.82857142857142
7000, 52.82857142857142
7000, 52.82857142857142
7000, 52.82857142857142
7000, 52.82857142857142
7000, 52.82857142857142
7000, 52.82857142857142
7000, 52.82857142857142
7000, 52.82857142857142
7000, 52.82857142857142
7000, 52.82857142857142
7000, 52.82857142857142
7000, 52.82857142857142
7000, 52.82857142857142
7000, 52.82857142857142
7000, 52.82857142857142
7000, 53.042857142857144
7000, 53.17142857142857
7000, 53.25714285714286
7000, 53.37142857142857
7000, 56.128571428571426
7000, 53.42857142857142
7000, 53.48571428571428
7000, 53.542857142857144
7000, 53.614285714285714
7000, 53.84285714285715
7000, 54.25714285714286
7000, 54.44285714285715
7000, 57.24285714285714
7000, 54.65714285714286
7000, 54.785714285714285
7000, 54.528571428571425
7000, 54.285714285714285
7000, 54.08571428571428
7000, 53.85714285714286
7000, 53.68571428571428
7000, 56.35714285714286
7000, 53.58571428571428
7000, 53.51428571428571
7000, 53.34285714285715
7000, 53.142857142857146
7000, 52.91428571428571
7000, 52.77142857142857
7000, 52.74285714285715
7000, 52.642857142857146
7000, 52.55714285714286
7000, 52.628571428571426
7000, 52.87142857142857
7000, 53.042857142857144
7000, 53.28571428571428
7000, 53.47142857142857
7000, 53.67142857142857
7000, 56.48571428571428
7000, 53.81428571428572
7000, 53.92857142857142
7000, 54.05714285714286
7000, 54.214285714285715
7000, 54.47142857142857
7000, 54.74285714285714
7000, 56.64285714285714
7000, 53.75714285714286
7000, 53.900000000000006
7000, 53.957142857142856
7000, 54.900000000000006
7000, 51.800000000000004
7000, 51.91428571428571
7000, 50.771428571428565
7000, 50.828571428571436
7000, 50.87142857142857
7000, 53.31428571428572
7000, 49.98571428571428
7000, 49.957142857142856
7000, 49.957142857142856
7000, 52.628571428571426
7000, 49.214285714285715
7000, 49.214285714285715
7000, 49.214285714285715
7000, 51.1
7000, 47.457142857142856
7000, 47.457142857142856
7000, 47.457142857142856
7000, 47.457142857142856
7000, 50.78571428571429
7000, 47.114285714285714
7000, 47.114285714285714
7000, 47.114285714285714
7000, 47.114285714285714
7000, 47.114285714285714
7000, 47.114285714285714
7000, 47.114285714285714
7000, 47.114285714285714
7000, 50.78571428571429
7000, 47.114285714285714
7000, 47.114285714285714
7000, 47.114285714285714
7000, 47.114285714285714
7000, 47.114285714285714
7000, 47.114285714285714
7000, 47.114285714285714
7000, 47.114285714285714
7000, 47.114285714285714
7000, 47.114285714285714
7000, 47.114285714285714
7000, 47.114285714285714
7000, 47.114285714285714
7000, 47.114285714285714
7000, 47.114285714285714
7000, 47.114285714285714
7000, 47.114285714285714
7000, 47.114285714285714
7000, 50.78571428571429
7000, 47.114285714285714
7000, 47.114285714285714
7000, 47.114285714285714
7000, 47.114285714285714
7000, 47.114285714285714
7000, 47.114285714285714
7000, 50.78571428571429
7000, 47.114285714285714
7000, 47.114285714285714
7000, 47.114285714285714
7000, 47.114285714285714
7000, 47.114285714285714
7000, 47.114285714285714
7000, 47.114285714285714
7000, 50.78571428571429
7000, 47.114285714285714
7000, 47.114285714285714
7000, 47.114285714285714
7000, 47.114285714285714
7000, 47.114285714285714
7000, 47.114285714285714
7000, 47.114285714285714
7000, 47.114285714285714
7000, 47.114285714285714
7000, 47.114285714285714
7000, 47.114285714285714
7000, 47.114285714285714
7000, 47.114285714285714
7000, 47.114285714285714
7000, 47.114285714285714
7000, 47.114285714285714
7000, 47.114285714285714
7000, 50.78571428571429
7000, 47.114285714285714
7000, 47.114285714285714
7000, 47.114285714285714
7000, 50.78571428571429
7000, 47.114285714285714
7000, 47.114285714285714
7000, 50.78571428571429
7000, 47.114285714285714
7000, 47.114285714285714
7000, 50.78571428571429
7000, 47.114285714285714
7000, 47.114285714285714
7000, 47.114285714285714
7000, 50.78571428571429
7000, 47.114285714285714
7000, 50.78571428571429
7000, 47.114285714285714
7000, 47.114285714285714
7000, 50.78571428571429
7000, 47.114285714285714
7000, 50.75714285714285
7000, 47.08571428571429
7000, 50.71428571428571
7000, 47.02857142857143
7000, 50.71428571428571
7000, 47.02857142857143
7000, 50.7
7000, 50.58571428571429
7000, 46.87142857142857
7000, 50.58571428571429
7000, 46.87142857142857
7000, 50.57142857142857
7000, 46.85714285714286
7000, 50.55714285714286
7000, 50.48571428571429
7000, 46.77142857142857
7000, 50.48571428571429
7000, 50.457142857142856
7000, 46.714285714285715
7000, 50.4
7000, 46.65714285714286
7000, 50.4
7000, 50.4
7000, 46.65714285714286
7000, 50.4
7000, 50.4
7000, 46.65714285714286
7000, 50.4
7000, 50.4
7000, 46.65714285714286
7000, 50.4
7000, 50.4
7000, 46.65714285714286
7000, 50.4
7000, 46.65714285714286
7000, 50.4
7000, 50.4
7000, 46.65714285714286
7000, 50.4
7000, 46.65714285714286
8000, 10.5625
8000, 10.35
8000, 10.7375
8000, 10.775
8000, 11.275
8000, 10.8875
8000, 10.9375
8000, 11.0125
8000, 11.0625
8000, 11.125
8000, 11.125
8000, 11.200000000000001
8000, 11.5
8000, 11.1125
8000, 11.737499999999999
8000, 12.0875
8000, 12.4
8000, 12.712499999999999
8000, 12.4
8000, 13.25
8000, 13.65
8000, 14.000000000000002
8000, 13.6625
8000, 14.512500000000001
8000, 15.15
8000, 14.725
8000, 15.85
8000, 16.55
8000, 16.150000000000002
8000, 17.575
8000, 18.5
8000, 18.099999999999998
8000, 20.0375
8000, 19.825
8000, 21.0625
8000, 20.5375
8000, 22.075
8000, 21.325
8000, 22.75
8000, 22.662499999999998
8000, 24.2375
8000, 23.5875
8000, 24.025
8000, 25.6
8000, 24.887500000000003
8000, 27.0875
8000, 26.400000000000002
8000, 28.537499999999998
8000, 27.5625
8000, 28.125
8000, 30.0
8000, 29.1875
8000, 29.9
8000, 31.587500000000002
8000, 30.562499999999996
8000, 31.3
8000, 32.5375
8000, 32.9125
8000, 33.4375
8000, 33.95
8000, 34.575
8000, 36.512499999999996
8000, 35.1625
8000, 35.5875
8000, 35.9375
8000, 36.375
8000, 36.825
8000, 37.35
8000, 37.9625
8000, 38.3
8000, 38.7
8000, 39.074999999999996
8000, 39.4875
8000, 40.425
8000, 41.3125
8000, 42.05
8000, 42.9
8000, 43.8125
8000, 44.7625
8000, 45.4875
8000, 46.2625
8000, 47.0125
8000, 47.775
8000, 48.6375
8000, 49.45
8000, 50.18749999999999
8000, 51.05
8000, 51.9
8000, 52.4875
8000, 53.300000000000004
8000, 54.125
8000, 54.7375
8000, 55.3125
8000, 58.2375
8000, 55.8125
8000, 56.225
8000, 56.537499999999994
8000, 56.775
8000, 57.15
8000, 57.3
8000, 57.4375
8000, 57.550000000000004
8000, 57.462500000000006
8000, 57.49999999999999
8000, 57.550000000000004
8000, 57.62500000000001
8000, 57.637499999999996
8000, 57.637499999999996
8000, 57.637499999999996
8000, 60.78750000000001
8000, 57.574999999999996
8000, 57.574999999999996
8000, 57.574999999999996
8000, 57.574999999999996
8000, 57.574999999999996
8000, 57.574999999999996
8000, 60.78750000000001
8000, 57.56250000000001
8000, 57.56250000000001
8000, 57.56250000000001
8000, 57.56250000000001
8000, 57.56250000000001
8000, 57.775
8000, 58.12500000000001
8000, 58.45
8000, 58.6875
8000, 58.9
8000, 59.22500000000001
8000, 59.575
8000, 62.9125
8000, 59.9625
8000, 60.4125
8000, 60.975
8000, 61.5
8000, 61.9375
8000, 64.67500000000001
8000, 61.775000000000006
8000, 61.6
8000, 61.475
8000, 61.224999999999994
8000, 61.0375
8000, 60.95
8000, 60.775
8000, 60.650000000000006
8000, 63.5125
8000, 60.550000000000004
8000, 60.375
8000, 60.3625
8000, 60.25
8000, 60.1375
8000, 59.987500000000004
8000, 59.8625
8000, 59.68750000000001
8000, 59.52499999999999
8000, 59.3875
8000, 59.3
8000, 59.18750000000001
8000, 59.0375
8000, 58.9625
8000, 58.875
8000, 58.775
8000, 58.699999999999996
8000, 58.650000000000006
8000, 58.6125
8000, 58.5
8000, 58.5
8000, 60.824999999999996
8000, 57.7625
8000, 57.7625
8000, 57.7625
8000, 57.7625
8000, 57.7625
8000, 60.050000000000004
8000, 56.9375
8000, 56.9375
8000, 56.9375
8000, 56.9375
8000, 56.9375
8000, 59.4125
8000, 56.3
8000, 56.3
8000, 56.3
8000, 56.3
8000, 56.3
8000, 59.3125
8000, 56.1875
8000, 56.1875
8000, 56.1875
8000, 56.1875
8000, 56.1875
8000, 56.1875
8000, 56.1875
8000, 56.1875
8000, 56.1875
8000, 56.1875
8000, 56.1875
8000, 56.1875
8000, 56.1875
8000, 56.1875
8000, 56.1875
8000, 56.1875
8000, 56.1875
8000, 56.1875
8000, 56.1875
8000, 56.1875
8000, 56.1875
8000, 56.1875
8000, 56.3125
8000, 56.375
8000, 56.462500000000006
8000, 56.55
8000, 59.68750000000001
8000, 56.862500000000004
8000, 57.1125
8000, 57.5125
8000, 58.074999999999996
8000, 58.56249999999999
8000, 59.137499999999996
8000, 59.8
8000, 63.0875
8000, 59.95
8000, 60.212500000000006
8000, 59.824999999999996
8000, 59.637499999999996
8000, 59.375
8000, 59.199999999999996
8000, 58.95
8000, 62.0375
8000, 58.825
8000, 58.62500000000001
8000, 58.5
8000, 58.325
8000, 58.25
8000, 58.199999999999996
8000, 58.175
8000, 58.2375
8000, 58.1875
8000, 58.3875
8000, 58.6125
8000, 58.75
8000, 59.0
8000, 59.112500000000004
8000, 59.2875
8000, 62.5875
8000, 59.3875
8000, 59.675
8000, 59.7875
8000, 59.9625
8000, 60.087500000000006
8000, 60.262499999999996
8000, 61.9625
8000, 58.5
8000, 58.7125
8000, 58.8625
8000, 60.550000000000004
8000, 56.625
8000, 56.6875
8000, 55.8875
8000, 56.012499999999996
8000, 56.10000000000001
8000, 59.724999999999994
8000, 55.55
8000, 55.4875
8000, 55.45
8000, 58.4375
8000, 53.9875
8000, 53.9875
8000, 53.9875
8000, 57.574999999999996
8000, 52.97500000000001
8000, 52.97500000000001
8000, 52.97500000000001
8000, 52.97500000000001
8000, 57.2875
8000, 52.6375
8000, 52.6375
8000, 52.6375
8000, 52.6375
8000, 52.6375
8000, 52.6375
8000, 52.6375
8000, 52.6375
8000, 57.2625
8000, 52.6125
8000, 52.6125
8000, 52.6125
8000, 52.6125
8000, 52.6125
8000, 52.6125
8000, 52.6125
8000, 52.6125
8000, 52.6125
8000, 52.6125
8000, 52.6125
8000, 52.6125
8000, 52.6125
8000, 52.6125
8000, 52.6125
8000, 52.6125
8000, 52.6125
8000, 52.6125
8000, 57.2625
8000, 52.6125
8000, 52.6125
8000, 52.6125
8000, 52.6125
8000, 52.6125
8000, 52.6125
8000, 57.2625
8000, 52.6125
8000, 52.6125
8000, 52.6125
8000, 52.6125
8000, 52.6125
8000, 52.6125
8000, 52.6125
8000, 57.2625
8000, 52.6125
8000, 52.6125
8000, 52.6125
8000, 52.6125
8000, 52.6125
8000, 52.6125
8000, 52.6125
8000, 52.6125
8000, 52.6125
8000, 52.6125
8000, 52.6125
8000, 52.6125
8000, 52.6125
8000, 52.6125
8000, 52.6125
8000, 52.6125
8000, 52.6125
8000, 57.2625
8000, 52.6125
8000, 52.6125
8000, 52.6125
8000, 57.2625
8000, 52.6125
8000, 52.6125
8000, 57.2625
8000, 52.6125
8000, 52.6125
8000, 57.2625
8000, 52.6125
8000, 52.6125
8000, 52.6125
8000, 57.2625
8000, 52.6125
8000, 57.2625
8000, 52.6125
8000, 52.6125
8000, 57.2625
8000, 52.6125
8000, 57.25
8000, 52.6
8000, 57.2375
8000, 52.5875
8000, 57.16250000000001
8000, 52.512499999999996
8000, 57.1125
8000, 57.05
8000, 52.349999999999994
8000, 56.987500000000004
8000, 52.287499999999994
8000, 56.9375
8000, 52.237500000000004
8000, 56.925000000000004
8000, 56.9125
8000, 52.21249999999999
8000, 56.85
8000, 56.8
8000, 52.0625
8000, 56.8
8000, 52.0625
8000, 56.8
8000, 56.8
8000, 52.0625
8000, 56.8
8000, 56.8
8000, 52.0625
8000, 56.8
8000, 56.8
8000, 52.0625
8000, 56.8
8000, 56.8
8000, 52.0625
8000, 56.8
8000, 52.0625
8000, 56.8
8000, 56.8
8000, 52.0625
8000, 56.8
8000, 52.1
9000, 11.522222222222222
9000, 11.122222222222222
9000, 11.688888888888888
9000, 11.766666666666667
9000, 12.255555555555556
9000, 11.911111111111111
9000, 11.944444444444445
9000, 12.022222222222222
9000, 12.044444444444444
9000, 12.122222222222222
9000, 12.244444444444444
9000, 12.3
9000, 12.877777777777776
9000, 12.344444444444443
9000, 13.4
9000, 13.722222222222221
9000, 14.266666666666666
9000, 14.555555555555555
9000, 14.155555555555555
9000, 15.37777777777778
9000, 15.755555555555556
9000, 16.2
9000, 15.755555555555556
9000, 16.933333333333334
9000, 17.42222222222222
9000, 16.855555555555554
9000, 18.511111111111113
9000, 19.311111111111114
9000, 18.833333333333332
9000, 20.4
9000, 21.322222222222223
9000, 20.72222222222222
9000, 22.466666666666665
9000, 22.72222222222222
9000, 24.01111111111111
9000, 23.31111111111111
9000, 24.833333333333332
9000, 24.07777777777778
9000, 25.677777777777777
9000, 25.877777777777776
9000, 27.51111111111111
9000, 26.53333333333333
9000, 27.111111111111114
9000, 29.099999999999998
9000, 28.17777777777778
9000, 30.577777777777776
9000, 29.47777777777778
9000, 32.12222222222223
9000, 31.133333333333336
9000, 31.622222222222224
9000, 34.24444444444445
9000, 33.02222222222222
9000, 33.78888888888889
9000, 36.08888888888889
9000, 34.86666666666667
9000, 35.68888888888889
9000, 37.05555555555556
9000, 37.37777777777778
9000, 37.922222222222224
9000, 38.46666666666667
9000, 39.06666666666666
9000, 41.52222222222222
9000, 40.06666666666667
9000, 40.72222222222222
9000, 41.266666666666666
9000, 41.699999999999996
9000, 42.266666666666666
9000, 42.855555555555554
9000, 43.28888888888889
9000, 43.522222222222226
9000, 43.75555555555555
9000, 43.93333333333334
9000, 44.333333333333336
9000, 45.01111111111111
9000, 45.74444444444444
9000, 46.65555555555556
9000, 47.266666666666666
9000, 48.03333333333333
9000, 48.67777777777778
9000, 49.333333333333336
9000, 49.922222222222224
9000, 50.511111111111106
9000, 50.96666666666667
9000, 51.67777777777778
9000, 51.97777777777778
9000, 52.577777777777776
9000, 52.94444444444445
9000, 53.43333333333333
9000, 53.955555555555556
9000, 54.388888888888886
9000, 54.855555555555554
9000, 55.355555555555554
9000, 55.77777777777778
9000, 58.44444444444444
9000, 56.18888888888889
9000, 56.53333333333334
9000, 56.733333333333334
9000, 56.96666666666667
9000, 57.166666666666664
9000, 57.322222222222216
9000, 57.46666666666667
9000, 57.599999999999994
9000, 57.62222222222222
9000, 57.699999999999996
9000, 57.733333333333334
9000, 57.75555555555556
9000, 57.77777777777777
9000, 57.77777777777777
9000, 57.77777777777777
9000, 60.55555555555555
9000, 57.711111111111116
9000, 57.711111111111116
9000, 57.711111111111116
9000, 57.711111111111116
9000, 57.711111111111116
9000, 57.711111111111116
9000, 60.53333333333333
9000, 57.67777777777777
9000, 57.67777777777777
9000, 57.67777777777777
9000, 57.67777777777777
9000, 57.67777777777777
9000, 57.733333333333334
9000, 57.93333333333334
9000, 58.22222222222222
9000, 58.51111111111111
9000, 58.8
9000, 59.233333333333334
9000, 59.711111111111116
9000, 62.71111111111111
9000, 60.199999999999996
9000, 60.84444444444445
9000, 61.355555555555554
9000, 62.077777777777776
9000, 62.66666666666667
9000, 64.96666666666667
9000, 62.5
9000, 62.32222222222222
9000, 62.17777777777778
9000, 62.022222222222226
9000, 61.9
9000, 61.77777777777778
9000, 61.53333333333333
9000, 61.355555555555554
9000, 63.71111111111111
9000, 61.33333333333333
9000, 61.266666666666666
9000, 61.211111111111116
9000, 61.111111111111114
9000, 61.03333333333333
9000, 60.96666666666667
9000, 60.88888888888889
9000, 60.77777777777777
9000, 60.699999999999996
9000, 60.633333333333326
9000, 60.55555555555555
9000, 60.36666666666667
9000, 60.3
9000, 60.17777777777778
9000, 60.12222222222222
9000, 60.06666666666667
9000, 60.0
9000, 59.93333333333334
9000, 59.91111111111111
9000, 59.855555555555554
9000, 59.855555555555554
9000, 60.6
9000, 58.044444444444444
9000, 58.044444444444444
9000, 58.044444444444444
9000, 58.044444444444444
9000, 58.044444444444444
9000, 59.81111111111112
9000, 57.18888888888889
9000, 57.18888888888889
9000, 57.18888888888889
9000, 57.18888888888889
9000, 57.18888888888889
9000, 59.51111111111111
9000, 56.84444444444444
9000, 56.84444444444444
9000, 56.84444444444444
9000, 56.84444444444444
9000, 56.84444444444444
9000, 59.43333333333334
9000, 56.766666666666666
9000, 56.766666666666666
9000, 56.766666666666666
9000, 56.766666666666666
9000, 56.766666666666666
9000, 56.766666666666666
9000, 56.766666666666666
9000, 56.766666666666666
9000, 56.766666666666666
9000, 56.766666666666666
9000, 56.766666666666666
9000, 56.766666666666666
9000, 56.766666666666666
9000, 56.766666666666666
9000, 56.766666666666666
9000, 56.766666666666666
9000, 56.766666666666666
9000, 56.766666666666666
9000, 56.766666666666666
9000, 56.766666666666666
9000, 56.766666666666666
9000, 56.766666666666666
9000, 56.78888888888889
9000, 56.89999999999999
9000, 57.03333333333334
9000, 57.166666666666664
9000, 59.86666666666667
9000, 57.266666666666666
9000, 57.37777777777778
9000, 57.45555555555556
9000, 57.57777777777778
9000, 57.81111111111111
9000, 58.08888888888889
9000, 58.37777777777777
9000, 61.144444444444446
9000, 58.63333333333334
9000, 58.9
9000, 58.644444444444446
9000, 58.266666666666666
9000, 58.044444444444444
9000, 57.68888888888889
9000, 57.43333333333334
9000, 59.977777777777774
9000, 57.177777777777784
9000, 57.044444444444444
9000, 56.833333333333336
9000, 56.42222222222222
9000, 56.3
9000, 56.07777777777778
9000, 56.10000000000001
9000, 56.111111111111114
9000, 56.07777777777778
9000, 56.166666666666664
9000, 56.333333333333336
9000, 56.57777777777778
9000, 56.766666666666666
9000, 56.95555555555556
9000, 57.22222222222222
9000, 60.01111111111111
9000, 57.322222222222216
9000, 57.44444444444444
9000, 57.63333333333334
9000, 57.84444444444444
9000, 58.044444444444444
9000, 58.34444444444444
9000, 59.8
9000, 56.86666666666667
9000, 57.01111111111111
9000, 57.166666666666664
9000, 59.3
9000, 56.2
9000, 56.39999999999999
9000, 54.888888888888886
9000, 54.955555555555556
9000, 55.05555555555556
9000, 57.233333333333334
9000, 53.87777777777778
9000, 53.86666666666666
9000, 53.84444444444444
9000, 56.455555555555556
9000, 52.98888888888889
9000, 52.98888888888889
9000, 52.98888888888889
9000, 56.21111111111111
9000, 52.71111111111111
9000, 52.71111111111111
9000, 52.71111111111111
9000, 52.71111111111111
9000, 55.822222222222216
9000, 52.288888888888884
9000, 52.288888888888884
9000, 52.288888888888884
9000, 52.288888888888884
9000, 52.288888888888884
9000, 52.288888888888884
9000, 52.288888888888884
9000, 52.288888888888884
9000, 55.800000000000004
9000, 52.24444444444445
9000, 52.24444444444445
9000, 52.24444444444445
9000, 52.24444444444445
9000, 52.24444444444445
9000, 52.24444444444445
9000, 52.24444444444445
9000, 52.24444444444445
9000, 52.24444444444445
9000, 52.24444444444445
9000, 52.24444444444445
9000, 52.24444444444445
9000, 52.24444444444445
9000, 52.24444444444445
9000, 52.24444444444445
9000, 52.24444444444445
9000, 52.24444444444445
9000, 52.24444444444445
9000, 55.800000000000004
9000, 52.24444444444445
9000, 52.24444444444445
9000, 52.24444444444445
9000, 52.24444444444445
9000, 52.24444444444445
9000, 52.24444444444445
9000, 55.800000000000004
9000, 52.24444444444445
9000, 52.24444444444445
9000, 52.24444444444445
9000, 52.24444444444445
9000, 52.24444444444445
9000, 52.24444444444445
9000, 52.24444444444445
9000, 55.800000000000004
9000, 52.24444444444445
9000, 52.24444444444445
9000, 52.24444444444445
9000, 52.24444444444445
9000, 52.24444444444445
9000, 52.24444444444445
9000, 52.24444444444445
9000, 52.24444444444445
9000, 52.24444444444445
9000, 52.24444444444445
9000, 52.24444444444445
9000, 52.24444444444445
9000, 52.24444444444445
9000, 52.24444444444445
9000, 52.24444444444445
9000, 52.24444444444445
9000, 52.24444444444445
9000, 55.800000000000004
9000, 52.24444444444445
9000, 52.24444444444445
9000, 52.24444444444445
9000, 55.800000000000004
9000, 52.24444444444445
9000, 52.24444444444445
9000, 55.800000000000004
9000, 52.24444444444445
9000, 52.24444444444445
9000, 55.800000000000004
9000, 52.24444444444445
9000, 52.24444444444445
9000, 52.24444444444445
9000, 55.800000000000004
9000, 52.24444444444445
9000, 55.800000000000004
9000, 52.24444444444445
9000, 52.24444444444445
9000, 55.800000000000004
9000, 52.24444444444445
9000, 55.77777777777778
9000, 52.21111111111111
9000, 55.722222222222214
9000, 52.13333333333333
9000, 55.666666666666664
9000, 52.05555555555556
9000, 55.611111111111114
9000, 55.57777777777778
9000, 51.955555555555556
9000, 55.54444444444444
9000, 51.922222222222224
9000, 55.51111111111111
9000, 51.888888888888886
9000, 55.47777777777778
9000, 55.400000000000006
9000, 51.75555555555555
9000, 55.37777777777778
9000, 55.266666666666666
9000, 51.61111111111111
9000, 55.21111111111111
9000, 51.55555555555556
9000, 55.21111111111111
9000, 55.21111111111111
9000, 51.55555555555556
9000, 55.21111111111111
9000, 55.21111111111111
9000, 51.55555555555556
9000, 55.21111111111111
9000, 55.21111111111111
9000, 51.55555555555556
9000, 55.21111111111111
9000, 55.21111111111111
9000, 51.55555555555556
9000, 55.21111111111111
9000, 51.55555555555556
9000, 55.21111111111111
9000, 55.21111111111111
9000, 51.55555555555556
9000, 55.21111111111111
9000, 51.58888888888888
10000, 10.63
10000, 10.51
10000, 10.76
10000, 10.82
10000, 11.219999999999999
10000, 11.0
10000, 11.03
10000, 11.09
10000, 11.129999999999999
10000, 11.200000000000001
10000, 11.25
10000, 11.360000000000001
10000, 11.75
10000, 11.5
10000, 12.31
10000, 12.770000000000001
10000, 13.04
10000, 13.530000000000001
10000, 13.34
10000, 14.149999999999999
10000, 14.729999999999999
10000, 15.229999999999999
10000, 14.979999999999999
10000, 16.1
10000, 16.619999999999997
10000, 16.439999999999998
10000, 17.83
10000, 18.970000000000002
10000, 18.62
10000, 20.05
10000, 20.810000000000002
10000, 20.349999999999998
10000, 22.11
10000, 21.77
10000, 23.34
10000, 22.59
10000, 24.39
10000, 23.52
10000, 25.53
10000, 25.05
10000, 27.18
10000, 26.27
10000, 26.87
10000, 29.099999999999998
10000, 27.99
10000, 30.69
10000, 29.48
10000, 32.269999999999996
10000, 30.86
10000, 31.480000000000004
10000, 34.339999999999996
10000, 32.800000000000004
10000, 33.53
10000, 35.96
10000, 34.39
10000, 35.17
10000, 36.63
10000, 36.85
10000, 37.43
10000, 38.04
10000, 38.64
10000, 41.349999999999994
10000, 39.290000000000006
10000, 39.71
10000, 40.19
10000, 40.78
10000, 41.199999999999996
10000, 41.730000000000004
10000, 42.32
10000, 42.68
10000, 43.0
10000, 43.35
10000, 43.63
10000, 44.17
10000, 45.08
10000, 45.69
10000, 46.42
10000, 46.92
10000, 47.75
10000, 48.480000000000004
10000, 48.99
10000, 49.6
10000, 50.19
10000, 50.9
10000, 51.480000000000004
10000, 52.019999999999996
10000, 52.75
10000, 53.459999999999994
10000, 53.769999999999996
10000, 54.339999999999996
10000, 54.84
10000, 55.48
10000, 55.95
10000, 59.41
10000, 56.3
10000, 56.61000000000001
10000, 56.89999999999999
10000, 57.11000000000001
10000, 57.35
10000, 57.58
10000, 57.699999999999996
10000, 57.82000000000001
10000, 57.830000000000005
10000, 57.879999999999995
10000, 57.93000000000001
10000, 57.940000000000005
10000, 57.95
10000, 57.95
10000, 57.95
10000, 61.56
10000, 57.93000000000001
10000, 57.93000000000001
10000, 57.93000000000001
10000, 57.93000000000001
10000, 57.93000000000001
10000, 57.93000000000001
10000, 61.550000000000004
10000, 57.92
10000, 57.92
10000, 57.92
10000, 57.92
10000, 57.92
10000, 58.03
10000, 58.24
10000, 58.5
10000, 58.699999999999996
10000, 58.879999999999995
10000, 59.34
10000, 59.93000000000001
10000, 63.65
10000, 60.45
10000, 61.160000000000004
10000, 61.8
10000, 62.49
10000, 63.12
10000, 66.09
10000, 62.970000000000006
10000, 62.82
10000, 62.580000000000005
10000, 62.38
10000, 62.18
10000, 61.96
10000, 61.72
10000, 61.480000000000004
10000, 64.52
10000, 61.370000000000005
10000, 61.24000000000001
10000, 61.160000000000004
10000, 61.12
10000, 61.08
10000, 60.97
10000, 60.83
10000, 60.69
10000, 60.550000000000004
10000, 60.370000000000005
10000, 60.209999999999994
10000, 60.160000000000004
10000, 60.099999999999994
10000, 60.019999999999996
10000, 59.919999999999995
10000, 59.85
10000, 59.809999999999995
10000, 59.79
10000, 59.760000000000005
10000, 59.730000000000004
10000, 59.730000000000004
10000, 61.31999999999999
10000, 58.07
10000, 58.07
10000, 58.07
10000, 58.07
10000, 58.07
10000, 60.83
10000, 57.550000000000004
10000, 57.550000000000004
10000, 57.550000000000004
10000, 57.550000000000004
10000, 57.550000000000004
10000, 60.480000000000004
10000, 57.18
10000, 57.18
10000, 57.18
10000, 57.18
10000, 57.18
10000, 60.38
10000, 57.08
10000, 57.08
10000, 57.08
10000, 57.08
10000, 57.08
10000, 57.08
10000, 57.08
10000, 57.08
10000, 57.08
10000, 57.08
10000, 57.08
10000, 57.08
10000, 57.08
10000, 57.08
10000, 57.08
10000, 57.08
10000, 57.08
10000, 57.08
10000, 57.08
10000, 57.08
10000, 57.08
10000, 57.08
10000, 57.21000000000001
10000, 57.269999999999996
10000, 57.31
10000, 57.410000000000004
10000, 60.75000000000001
10000, 57.589999999999996
10000, 57.76
10000, 57.99999999999999
10000, 58.14
10000, 58.57
10000, 58.91
10000, 59.34
10000, 62.77
10000, 59.69
10000, 60.11
10000, 59.809999999999995
10000, 59.45
10000, 59.21999999999999
10000, 58.940000000000005
10000, 58.620000000000005
10000, 61.61
10000, 58.46
10000, 58.309999999999995
10000, 58.19
10000, 57.809999999999995
10000, 57.60999999999999
10000, 57.589999999999996
10000, 57.65
10000, 57.720000000000006
10000, 57.69
10000, 57.8
10000, 58.050000000000004
10000, 58.32000000000001
10000, 58.550000000000004
10000, 58.77
10000, 58.940000000000005
10000, 62.129999999999995
10000, 59.050000000000004
10000, 59.209999999999994
10000, 59.41
10000, 59.61
10000, 59.81999999999999
10000, 60.0
10000, 61.95
10000, 58.550000000000004
10000, 58.720000000000006
10000, 58.86
10000, 61.12
10000, 57.49999999999999
10000, 57.64
10000, 56.699999999999996
10000, 56.830000000000005
10000, 56.96
10000, 59.86
10000, 55.94
10000, 55.900000000000006
10000, 55.86
10000, 58.81999999999999
10000, 54.74
10000, 54.74
10000, 54.74
10000, 58.19
10000, 54.04
10000, 54.04
10000, 54.04
10000, 54.04
10000, 57.96
10000, 53.779999999999994
10000, 53.779999999999994
10000, 53.779999999999994
10000, 53.779999999999994
10000, 53.779999999999994
10000, 53.779999999999994
10000, 53.779999999999994
10000, 53.779999999999994
10000, 57.940000000000005
10000, 53.75
10000, 53.75
10000, 53.75
10000, 53.75
10000, 53.75
10000, 53.75
10000, 53.75
10000, 53.75
10000, 53.75
10000, 53.75
10000, 53.75
10000, 53.75
10000, 53.75
10000, 53.75
10000, 53.75
10000, 53.75
10000, 53.75
10000, 53.75
10000, 57.940000000000005
10000, 53.75
10000, 53.75
10000, 53.75
10000, 53.75
10000, 53.75
10000, 53.75
10000, 57.940000000000005
10000, 53.75
10000, 53.75
10000, 53.75
10000, 53.75
10000, 53.75
10000, 53.75
10000, 53.75
10000, 57.940000000000005
10000, 53.75
10000, 53.75
10000, 53.75
10000, 53.75
10000, 53.75
10000, 53.75
10000, 53.75
10000, 53.75
10000, 53.75
10000, 53.75
10000, 53.75
10000, 53.75
10000, 53.75
10000, 53.75
10000, 53.75
10000, 53.75
10000, 53.75
10000, 57.940000000000005
10000, 53.75
10000, 53.75
10000, 53.75
10000, 57.940000000000005
10000, 53.75
10000, 53.75
10000, 57.940000000000005
10000, 53.75
10000, 53.75
10000, 57.940000000000005
10000, 53.75
10000, 53.75
10000, 53.75
10000, 57.940000000000005
10000, 53.75
10000, 57.940000000000005
10000, 53.75
10000, 53.75
10000, 57.940000000000005
10000, 53.75
10000, 57.93000000000001
10000, 53.74
10000, 57.89
10000, 53.7
10000, 57.84
10000, 53.63
10000, 57.830000000000005
10000, 57.8
10000, 53.59
10000, 57.769999999999996
10000, 53.559999999999995
10000, 57.720000000000006
10000, 53.49
10000, 57.720000000000006
10000, 57.69
10000, 53.449999999999996
10000, 57.66
10000, 57.66
10000, 53.42
10000, 57.63
10000, 53.39
10000, 57.63
10000, 57.63
10000, 53.39
10000, 57.63
10000, 57.63
10000, 53.39
10000, 57.63
10000, 57.63
10000, 53.39
10000, 57.63
10000, 57.63
10000, 53.39
10000, 57.63
10000, 53.39
10000, 57.63
10000, 57.63
10000, 53.39
10000, 57.63
10000, 53.39
